date,areaType,areaCode,areaName,newAdmissions,newCasesBySpecimenDate,newDeaths28DaysByDeathDate
"2020-12-23",nation,S92000003,Scotland,,312,1
"2020-12-22",nation,S92000003,Scotland,,1236,10
"2020-12-21",nation,S92000003,Scotland,,1287,14
"2020-12-20",nation,S92000003,Scotland,50,824,23
"2020-12-19",nation,S92000003,Scotland,57,755,21
"2020-12-18",nation,S92000003,Scotland,54,928,23
"2020-12-17",nation,S92000003,Scotland,64,914,33
"2020-12-16",nation,S92000003,Scotland,73,1044,29
"2020-12-15",nation,S92000003,Scotland,54,1036,31
"2020-12-14",nation,S92000003,Scotland,74,1099,30
"2020-12-13",nation,S92000003,Scotland,52,722,26
"2020-12-12",nation,S92000003,Scotland,55,682,23
"2020-12-11",nation,S92000003,Scotland,68,871,20
"2020-12-10",nation,S92000003,Scotland,76,896,22
"2020-12-09",nation,S92000003,Scotland,83,996,23
"2020-12-08",nation,S92000003,Scotland,80,1041,27
"2020-12-07",nation,S92000003,Scotland,74,953,29
"2020-12-06",nation,S92000003,Scotland,55,645,28
"2020-12-05",nation,S92000003,Scotland,72,664,19
"2020-12-04",nation,S92000003,Scotland,71,646,28
"2020-12-03",nation,S92000003,Scotland,63,807,34
"2020-12-02",nation,S92000003,Scotland,93,947,19
"2020-12-01",nation,S92000003,Scotland,69,923,27
"2020-11-30",nation,S92000003,Scotland,76,973,31
"2020-11-29",nation,S92000003,Scotland,63,553,26
"2020-11-28",nation,S92000003,Scotland,54,572,39
"2020-11-27",nation,S92000003,Scotland,81,737,22
"2020-11-26",nation,S92000003,Scotland,83,802,23
"2020-11-25",nation,S92000003,Scotland,77,929,32
"2020-11-24",nation,S92000003,Scotland,97,990,29
"2020-11-23",nation,S92000003,Scotland,101,1160,30
"2020-11-22",nation,S92000003,Scotland,63,706,36
"2020-11-21",nation,S92000003,Scotland,86,763,33
"2020-11-20",nation,S92000003,Scotland,99,864,29
"2020-11-19",nation,S92000003,Scotland,85,981,26
"2020-11-18",nation,S92000003,Scotland,88,1115,22
"2020-11-17",nation,S92000003,Scotland,101,1225,36
"2020-11-16",nation,S92000003,Scotland,87,1275,32
"2020-11-15",nation,S92000003,Scotland,84,812,33
"2020-11-14",nation,S92000003,Scotland,93,919,38
"2020-11-13",nation,S92000003,Scotland,105,1062,35
"2020-11-12",nation,S92000003,Scotland,105,1196,31
"2020-11-11",nation,S92000003,Scotland,109,1250,35
"2020-11-10",nation,S92000003,Scotland,99,1290,33
"2020-11-09",nation,S92000003,Scotland,90,1295,38
"2020-11-08",nation,S92000003,Scotland,72,878,35
"2020-11-07",nation,S92000003,Scotland,82,844,35
"2020-11-06",nation,S92000003,Scotland,91,1141,26
"2020-11-05",nation,S92000003,Scotland,95,1294,37
"2020-11-04",nation,S92000003,Scotland,110,1303,19
"2020-11-03",nation,S92000003,Scotland,102,1392,33
"2020-11-02",nation,S92000003,Scotland,102,1478,27
"2020-11-01",nation,S92000003,Scotland,91,974,34
"2020-10-31",nation,S92000003,Scotland,100,745,24
"2020-10-30",nation,S92000003,Scotland,118,1106,35
"2020-10-29",nation,S92000003,Scotland,95,1098,26
"2020-10-28",nation,S92000003,Scotland,120,1268,25
"2020-10-27",nation,S92000003,Scotland,127,1308,15
"2020-10-26",nation,S92000003,Scotland,127,1345,29
"2020-10-25",nation,S92000003,Scotland,107,939,21
"2020-10-24",nation,S92000003,Scotland,113,954,19
"2020-10-23",nation,S92000003,Scotland,120,1287,17
"2020-10-22",nation,S92000003,Scotland,126,1503,17
"2020-10-21",nation,S92000003,Scotland,127,1580,11
"2020-10-20",nation,S92000003,Scotland,127,1685,16
"2020-10-19",nation,S92000003,Scotland,124,1355,15
"2020-10-18",nation,S92000003,Scotland,82,828,21
"2020-10-17",nation,S92000003,Scotland,81,862,9
"2020-10-16",nation,S92000003,Scotland,123,1251,16
"2020-10-15",nation,S92000003,Scotland,102,1293,16
"2020-10-14",nation,S92000003,Scotland,111,1290,6
"2020-10-13",nation,S92000003,Scotland,115,1423,11
"2020-10-12",nation,S92000003,Scotland,99,1361,7
"2020-10-11",nation,S92000003,Scotland,77,959,9
"2020-10-10",nation,S92000003,Scotland,68,942,10
"2020-10-09",nation,S92000003,Scotland,75,1096,6
"2020-10-08",nation,S92000003,Scotland,90,1171,11
"2020-10-07",nation,S92000003,Scotland,75,1250,8
"2020-10-06",nation,S92000003,Scotland,90,1192,3
"2020-10-05",nation,S92000003,Scotland,70,1099,0
"2020-10-04",nation,S92000003,Scotland,40,744,3
"2020-10-03",nation,S92000003,Scotland,44,702,2
"2020-10-02",nation,S92000003,Scotland,50,818,1
"2020-10-01",nation,S92000003,Scotland,59,777,4
"2020-09-30",nation,S92000003,Scotland,44,793,4
"2020-09-29",nation,S92000003,Scotland,31,661,1
"2020-09-28",nation,S92000003,Scotland,42,625,3
"2020-09-27",nation,S92000003,Scotland,31,359,2
"2020-09-26",nation,S92000003,Scotland,33,437,2
"2020-09-25",nation,S92000003,Scotland,34,576,1
"2020-09-24",nation,S92000003,Scotland,30,716,2
"2020-09-23",nation,S92000003,Scotland,22,572,1
"2020-09-22",nation,S92000003,Scotland,30,497,2
"2020-09-21",nation,S92000003,Scotland,23,454,2
"2020-09-20",nation,S92000003,Scotland,17,320,3
"2020-09-19",nation,S92000003,Scotland,18,236,0
"2020-09-18",nation,S92000003,Scotland,11,270,1
"2020-09-17",nation,S92000003,Scotland,16,265,1
"2020-09-16",nation,S92000003,Scotland,33,280,0
"2020-09-15",nation,S92000003,Scotland,19,238,0
"2020-09-14",nation,S92000003,Scotland,17,186,3
"2020-09-13",nation,S92000003,Scotland,11,178,1
"2020-09-12",nation,S92000003,Scotland,13,214,0
"2020-09-11",nation,S92000003,Scotland,17,216,0
"2020-09-10",nation,S92000003,Scotland,18,231,0
"2020-09-09",nation,S92000003,Scotland,6,223,0
"2020-09-08",nation,S92000003,Scotland,8,103,0
"2020-09-07",nation,S92000003,Scotland,11,167,0
"2020-09-06",nation,S92000003,Scotland,7,154,0
"2020-09-05",nation,S92000003,Scotland,8,137,0
"2020-09-04",nation,S92000003,Scotland,15,170,1
"2020-09-03",nation,S92000003,Scotland,3,202,1
"2020-09-02",nation,S92000003,Scotland,5,192,1
"2020-09-01",nation,S92000003,Scotland,3,199,0
"2020-08-31",nation,S92000003,Scotland,5,143,0
"2020-08-30",nation,S92000003,Scotland,2,102,0
"2020-08-29",nation,S92000003,Scotland,3,94,0
"2020-08-28",nation,S92000003,Scotland,5,105,1
"2020-08-27",nation,S92000003,Scotland,7,97,0
"2020-08-26",nation,S92000003,Scotland,10,98,0
"2020-08-25",nation,S92000003,Scotland,9,72,0
"2020-08-24",nation,S92000003,Scotland,7,59,0
"2020-08-23",nation,S92000003,Scotland,1,67,1
"2020-08-22",nation,S92000003,Scotland,4,51,1
"2020-08-21",nation,S92000003,Scotland,3,91,0
"2020-08-20",nation,S92000003,Scotland,7,141,0
"2020-08-19",nation,S92000003,Scotland,4,93,1
"2020-08-18",nation,S92000003,Scotland,4,78,0
"2020-08-17",nation,S92000003,Scotland,5,75,0
"2020-08-16",nation,S92000003,Scotland,2,33,0
"2020-08-15",nation,S92000003,Scotland,6,20,0
"2020-08-14",nation,S92000003,Scotland,4,50,0
"2020-08-13",nation,S92000003,Scotland,3,59,0
"2020-08-12",nation,S92000003,Scotland,2,49,0
"2020-08-11",nation,S92000003,Scotland,1,63,0
"2020-08-10",nation,S92000003,Scotland,3,59,0
"2020-08-09",nation,S92000003,Scotland,0,26,0
"2020-08-08",nation,S92000003,Scotland,3,27,0
"2020-08-07",nation,S92000003,Scotland,4,46,0
"2020-08-06",nation,S92000003,Scotland,0,65,0
"2020-08-05",nation,S92000003,Scotland,3,67,0
"2020-08-04",nation,S92000003,Scotland,2,58,0
"2020-08-03",nation,S92000003,Scotland,4,62,0
"2020-08-02",nation,S92000003,Scotland,0,19,0
"2020-08-01",nation,S92000003,Scotland,1,23,0
"2020-07-31",nation,S92000003,Scotland,3,21,0
"2020-07-30",nation,S92000003,Scotland,1,27,0
"2020-07-29",nation,S92000003,Scotland,3,28,0
"2020-07-28",nation,S92000003,Scotland,0,22,0
"2020-07-27",nation,S92000003,Scotland,1,13,0
"2020-07-26",nation,S92000003,Scotland,0,7,0
"2020-07-25",nation,S92000003,Scotland,6,3,0
"2020-07-24",nation,S92000003,Scotland,0,11,0
"2020-07-23",nation,S92000003,Scotland,2,23,0
"2020-07-22",nation,S92000003,Scotland,1,16,0
"2020-07-21",nation,S92000003,Scotland,0,19,0
"2020-07-20",nation,S92000003,Scotland,0,13,0
"2020-07-19",nation,S92000003,Scotland,2,17,0
"2020-07-18",nation,S92000003,Scotland,1,13,0
"2020-07-17",nation,S92000003,Scotland,1,8,0
"2020-07-16",nation,S92000003,Scotland,2,21,0
"2020-07-15",nation,S92000003,Scotland,1,16,0
"2020-07-14",nation,S92000003,Scotland,0,10,0
"2020-07-13",nation,S92000003,Scotland,1,17,0
"2020-07-12",nation,S92000003,Scotland,1,2,0
"2020-07-11",nation,S92000003,Scotland,3,9,0
"2020-07-10",nation,S92000003,Scotland,3,12,0
"2020-07-09",nation,S92000003,Scotland,0,8,0
"2020-07-08",nation,S92000003,Scotland,1,10,0
"2020-07-07",nation,S92000003,Scotland,1,11,0
"2020-07-06",nation,S92000003,Scotland,3,8,0
"2020-07-05",nation,S92000003,Scotland,1,2,1
"2020-07-04",nation,S92000003,Scotland,1,5,0
"2020-07-03",nation,S92000003,Scotland,1,6,1
"2020-07-02",nation,S92000003,Scotland,1,13,0
"2020-07-01",nation,S92000003,Scotland,4,11,0
"2020-06-30",nation,S92000003,Scotland,0,8,0
"2020-06-29",nation,S92000003,Scotland,1,14,1
"2020-06-28",nation,S92000003,Scotland,3,3,0
"2020-06-27",nation,S92000003,Scotland,3,4,4
"2020-06-26",nation,S92000003,Scotland,0,6,0
"2020-06-25",nation,S92000003,Scotland,2,19,0
"2020-06-24",nation,S92000003,Scotland,3,8,1
"2020-06-23",nation,S92000003,Scotland,4,20,1
"2020-06-22",nation,S92000003,Scotland,7,11,3
"2020-06-21",nation,S92000003,Scotland,1,9,2
"2020-06-20",nation,S92000003,Scotland,2,6,3
"2020-06-19",nation,S92000003,Scotland,4,23,0
"2020-06-18",nation,S92000003,Scotland,3,14,3
"2020-06-17",nation,S92000003,Scotland,6,33,3
"2020-06-16",nation,S92000003,Scotland,5,17,6
"2020-06-15",nation,S92000003,Scotland,7,21,3
"2020-06-14",nation,S92000003,Scotland,6,13,4
"2020-06-13",nation,S92000003,Scotland,4,23,3
"2020-06-12",nation,S92000003,Scotland,1,30,2
"2020-06-11",nation,S92000003,Scotland,7,21,2
"2020-06-10",nation,S92000003,Scotland,7,29,5
"2020-06-09",nation,S92000003,Scotland,4,27,1
"2020-06-08",nation,S92000003,Scotland,3,18,5
"2020-06-07",nation,S92000003,Scotland,6,17,7
"2020-06-06",nation,S92000003,Scotland,5,22,3
"2020-06-05",nation,S92000003,Scotland,10,24,9
"2020-06-04",nation,S92000003,Scotland,6,35,2
"2020-06-03",nation,S92000003,Scotland,9,35,8
"2020-06-02",nation,S92000003,Scotland,5,45,6
"2020-06-01",nation,S92000003,Scotland,7,38,3
"2020-05-31",nation,S92000003,Scotland,10,23,6
"2020-05-30",nation,S92000003,Scotland,4,40,6
"2020-05-29",nation,S92000003,Scotland,10,29,11
"2020-05-28",nation,S92000003,Scotland,6,55,16
"2020-05-27",nation,S92000003,Scotland,11,66,16
"2020-05-26",nation,S92000003,Scotland,14,77,13
"2020-05-25",nation,S92000003,Scotland,13,97,14
"2020-05-24",nation,S92000003,Scotland,8,54,7
"2020-05-23",nation,S92000003,Scotland,14,50,9
"2020-05-22",nation,S92000003,Scotland,15,92,16
"2020-05-21",nation,S92000003,Scotland,13,111,23
"2020-05-20",nation,S92000003,Scotland,18,121,21
"2020-05-19",nation,S92000003,Scotland,13,182,28
"2020-05-18",nation,S92000003,Scotland,27,140,23
"2020-05-17",nation,S92000003,Scotland,9,92,26
"2020-05-16",nation,S92000003,Scotland,18,103,28
"2020-05-15",nation,S92000003,Scotland,31,152,24
"2020-05-14",nation,S92000003,Scotland,27,213,34
"2020-05-13",nation,S92000003,Scotland,26,198,42
"2020-05-12",nation,S92000003,Scotland,37,231,30
"2020-05-11",nation,S92000003,Scotland,33,261,31
"2020-05-10",nation,S92000003,Scotland,28,150,27
"2020-05-09",nation,S92000003,Scotland,20,177,34
"2020-05-08",nation,S92000003,Scotland,32,254,34
"2020-05-07",nation,S92000003,Scotland,36,290,39
"2020-05-06",nation,S92000003,Scotland,46,306,43
"2020-05-05",nation,S92000003,Scotland,40,289,50
"2020-05-04",nation,S92000003,Scotland,53,330,40
"2020-05-03",nation,S92000003,Scotland,39,189,36
"2020-05-02",nation,S92000003,Scotland,46,217,44
"2020-05-01",nation,S92000003,Scotland,56,368,48
"2020-04-30",nation,S92000003,Scotland,57,335,43
"2020-04-29",nation,S92000003,Scotland,48,430,37
"2020-04-28",nation,S92000003,Scotland,72,380,40
"2020-04-27",nation,S92000003,Scotland,77,430,60
"2020-04-26",nation,S92000003,Scotland,39,172,43
"2020-04-25",nation,S92000003,Scotland,43,184,47
"2020-04-24",nation,S92000003,Scotland,91,305,38
"2020-04-23",nation,S92000003,Scotland,67,314,48
"2020-04-22",nation,S92000003,Scotland,65,340,44
"2020-04-21",nation,S92000003,Scotland,70,399,50
"2020-04-20",nation,S92000003,Scotland,67,776,61
"2020-04-19",nation,S92000003,Scotland,58,159,44
"2020-04-18",nation,S92000003,Scotland,74,264,51
"2020-04-17",nation,S92000003,Scotland,110,394,37
"2020-04-16",nation,S92000003,Scotland,97,427,41
"2020-04-15",nation,S92000003,Scotland,98,331,41
"2020-04-14",nation,S92000003,Scotland,101,346,50
"2020-04-13",nation,S92000003,Scotland,102,359,39
"2020-04-12",nation,S92000003,Scotland,85,220,46
"2020-04-11",nation,S92000003,Scotland,80,185,52
"2020-04-10",nation,S92000003,Scotland,117,329,55
"2020-04-09",nation,S92000003,Scotland,130,304,63
"2020-04-08",nation,S92000003,Scotland,158,343,52
"2020-04-07",nation,S92000003,Scotland,171,351,47
"2020-04-06",nation,S92000003,Scotland,203,404,62
"2020-04-05",nation,S92000003,Scotland,160,225,44
"2020-04-04",nation,S92000003,Scotland,153,259,27
"2020-04-03",nation,S92000003,Scotland,212,379,57
"2020-04-02",nation,S92000003,Scotland,169,355,36
"2020-04-01",nation,S92000003,Scotland,214,384,44
"2020-03-31",nation,S92000003,Scotland,184,340,38
"2020-03-30",nation,S92000003,Scotland,191,321,27
"2020-03-29",nation,S92000003,Scotland,137,197,20
"2020-03-28",nation,S92000003,Scotland,157,205,29
"2020-03-27",nation,S92000003,Scotland,147,274,11
"2020-03-26",nation,S92000003,Scotland,155,223,11
"2020-03-25",nation,S92000003,Scotland,122,187,10
"2020-03-24",nation,S92000003,Scotland,97,167,7
"2020-03-23",nation,S92000003,Scotland,95,138,4
"2020-03-22",nation,S92000003,Scotland,52,75,5
"2020-03-21",nation,S92000003,Scotland,63,66,6
"2020-03-20",nation,S92000003,Scotland,72,83,5
"2020-03-19",nation,S92000003,Scotland,42,49,3
"2020-03-18",nation,S92000003,Scotland,43,41,0
"2020-03-17",nation,S92000003,Scotland,42,43,2
"2020-03-16",nation,S92000003,Scotland,31,21,1
"2020-03-15",nation,S92000003,Scotland,17,12,0
"2020-03-14",nation,S92000003,Scotland,22,19,2
"2020-03-13",nation,S92000003,Scotland,25,48,0
"2020-03-12",nation,S92000003,Scotland,24,38,1
"2020-03-11",nation,S92000003,Scotland,27,26,0
"2020-03-10",nation,S92000003,Scotland,30,21,0
"2020-03-09",nation,S92000003,Scotland,19,16,0
"2020-03-08",nation,S92000003,Scotland,11,3,0
"2020-03-07",nation,S92000003,Scotland,9,6,0
"2020-03-06",nation,S92000003,Scotland,21,6,0
"2020-03-05",nation,S92000003,Scotland,19,2,0
"2020-03-04",nation,S92000003,Scotland,10,6,0
"2020-03-03",nation,S92000003,Scotland,13,3,0
"2020-03-02",nation,S92000003,Scotland,12,1,0
"2020-03-01",nation,S92000003,Scotland,5,2,0
"2020-02-29",nation,S92000003,Scotland,,0,0
"2020-02-28",nation,S92000003,Scotland,,1,